descricao,tamanho_cm,vermelho,preto,local,preco_sugerido,tempo_sugerido
"Rosa pequena",8,1,0,"pulso",350,2
"Rosa preta",10,0,1,"antebraco",400,2
"Dragao oriental",25,1,1,"braco",1200,6
"Frase lettering",15,0,1,"costela",550,3
"Leao realista",20,0,1,"braco",1000,5
"Coracao pequeno",7,1,1,"pulso",300,1.5
"Cobra detalhada",22,1,1,"perna",1100,5
"Flor delicada",12,1,0,"ombro",500,2.5
"Tribal grande",30,0,1,"costas",1300,6
"Passaro pequeno",9,1,1,"costela",450,2
"Dragao pequeno",15,1,1,"braco",750,3.5
"Mandala detalhada",18,0,1,"antebraco",850,4
"Rosa grande",20,1,1,"coxa",950,4.5
"Frase pequena",10,0,1,"pulso",350,1.5
"Leao colorido",25,1,1,"costas",1400,7
"Flor preta",15,0,1,"braco",600,3
"Cobra pequena",12,1,1,"perna",550,2.5
"Mandala pequena",10,0,1,"pulso",400,2
"Dragao detalhado",30,1,1,"costas",1600,8
"Passaro colorido",15,1,1,"ombro",700,3